<?xml version="1.0" encoding="UTF-8"?>
<!DOCTYPE plist PUBLIC "-//Apple//DTD PLIST 1.0//EN" "http://www.apple.com/DTDs/PropertyList-1.0.dtd">
<plist version="1.0">
<array>
	<dict>
		<key>class</key>
		<string>PPGesture</string>
		<key>gesturename</key>
		<string>ONEFINGER</string>
		<key>group</key>
		<true/>
	</dict>
	<dict>
		<key>class</key>
		<string>TPTapToClickGesture</string>
		<key>gesturename</key>
		<string>TAPTOCLICKGESTURE</string>
		<key>moviename</key>
		<string>TapToClick</string>
		<key>gesturenotes</key>
		<string>AX_TapToClick</string>
		<key>moviechaptername</key>
		<string>Tap to click</string>		
	</dict>
	<dict>
		<key>class</key>
		<string>TPDraggingGesture</string>
		<key>gesturename</key>
		<string>DRAGGINGGESTURE</string>
		<key>moviename</key>
		<string>Dragging</string>
		<key>gesturenotes</key>
		<string>AX_Dragging</string>
		<key>moviechaptername</key>
		<string>Dragging</string>		
	</dict>
	<dict>
		<key>class</key>
		<string>TPDragLockGesture</string>
		<key>gesturename</key>
		<string>DRAGLOCKGESTURE</string>
		<key>moviename</key>
		<string>DragLock</string>
		<key>gesturenotes</key>
		<string>AX_DragLock</string>
		<key>moviechaptername</key>
		<string>Drag lock</string>		
	</dict>
	<dict>
		<key>class</key>
		<string>TPCornerClickGesture</string>
		<key>gesturename</key>
		<string>PRESS_SPECIFIC</string>
		<key>gesturenotes</key>
		<string>AX_SecondaryClick</string>
		<key>choices</key>
		<array>
			<string>BOTTOM_RIGHT_CORNER</string>
			<string>BOTTOM_LEFT_CORNER</string>
		</array>
		<key>id</key>
		<string>gesture.cornerclick</string>
	</dict>
	<dict>
		<key>class</key>
		<string>PPGesture</string>
		<key>gesturename</key>
		<string>TWOFINGER</string>
		<key>group</key>
		<true/>
	</dict>
	<dict>
		<key>class</key>
		<string>TPScrollGesture</string>
		<key>gesturename</key>
		<string>2FINGERSCROLLGESTURE</string>
		<key>moviename</key>
		<string>Scroll</string>
		<key>gesturenotes</key>
		<string>AX_Scroll</string>
		<key>nocheckbox</key>
		<false/>
		<key>moviechaptername</key>
		<string>Scroll</string>		
	</dict>
	<dict>
		<key>class</key>
		<string>TPRotateGesture</string>
		<key>gesturename</key>
		<string>ROTATEGESTURE</string>
		<key>nocheckbox</key>
		<false/>
		<key>moviename</key>
		<string>Rotate</string>
		<key>gesturenotes</key>
		<string>AX_Rotate</string>
		<key>moviechaptername</key>
		<string>Rotate</string>		
	</dict>
	<dict>
		<key>class</key>
		<string>TPPinchGesture</string>
		<key>gesturename</key>
		<string>PINCHGESTURE</string>
		<key>nocheckbox</key>
		<false/>
		<key>moviename</key>
		<string>Pinch</string>
		<key>gesturenotes</key>
		<string>AX_Pinch</string>
		<key>moviechaptername</key>
		<string>Pinch open and close</string>		
	</dict>
	<dict>
		<key>class</key>
		<string>TPScreenZoomGesture</string>
		<key>gesturename</key>
		<string>SCREENZOOMGESTURE</string>
		<key>hasoptions</key>
		<true/>
		<key>moviename</key>
		<string>ScreenZoom</string>
		<key>gesturenotes</key>
		<string>AX_ScreenZoom</string>
		<key>nocheckbox</key>
		<false/>
		<key>moviechaptername</key>
		<string>Screen zoom</string>		
	</dict>
	<dict>
		<key>class</key>
		<string>TPSecondaryClickGesture</string>
		<key>gesturename</key>
		<string>SECONDARYCLICKGESTURE</string>
		<key>gesturename_tap</key>
		<string>SECONDARYCLICKGESTURE_TAP</string>
		<key>moviename</key>
		<string>SecondaryClick</string>
		<key>moviename_tap</key>
		<string>SecondaryClickTap</string>
		<key>gesturenotes</key>
		<string>AX_SecondaryClick</string>
		<key>moviechaptername</key>
		<string>Secondary click (two finger)</string>		
	</dict>
	<dict>
		<key>class</key>
		<string>PPGesture</string>
		<key>gesturename</key>
		<string>THREEFINGER</string>
		<key>group</key>
		<true/>
	</dict>
	<dict>
		<key>class</key>
		<string>TP3FSwipeGesture</string>
		<key>gesturename</key>
		<string>3FINGERSWIPEGESTURE</string>
		<key>nocheckbox</key>
		<false/>
		<key>moviename</key>
		<string>Swipe</string>
		<key>gesturenotes</key>
		<string>AX_Swipe</string>
		<key>moviechaptername</key>
		<string>Swipe to navigate</string>		
	</dict>
	<dict>
		<key>class</key>
		<string>PPGesture</string>
		<key>gesturename</key>
		<string>FOURFINGER</string>
		<key>group</key>
		<true/>
		<key>id</key>
		<string>gesture.fourfinger</string>
	</dict>
	<dict>
		<key>class</key>
		<string>TP4FVertSwipeGesture</string>
		<key>gesturename</key>
		<string>4FINGERSWIPEGESTURE</string>
		<key>moviename</key>
		<string>4F_Swipe_Expose</string>
		<key>gesturenotes</key>
		<string>Swipe</string>
		<key>id</key>
		<string>gesture.fourfinger</string>
		<key>nocheckbox</key>
		<false/>
		<key>gesturenotes</key>
		<string>AX_4F_Swipe_EXPOSE</string>
		<key>moviechaptername</key>
		<string>Swipe up and down</string>		
	</dict>
	<dict>
		<key>class</key>
		<string>TP4FHorizSwipeGesture</string>
		<key>gesturename</key>
		<string>4FINGERSWIPEGESTURE_1</string>
		<key>moviename</key>
		<string>4F_Swipe_Apps</string>
		<key>gesturenotes</key>
		<string>Swipe</string>
		<key>id</key>
		<string>gesture.fourfinger</string>
		<key>nocheckbox</key>
		<false/>
		<key>gesturenotes</key>
		<string>AX_4F_Swipe_APPS</string>
		<key>moviechaptername</key>
		<string>Swipe left and right</string>		
	</dict>
</array>
</plist>
